Firm Name,Profile URL
Firm Name,Profile URL
Conner & Winters LLP,www.bestlawfirms.com/firms/conner-winters-llp/24762/US
Akerman LLP,www.bestlawfirms.com/firms/akerman-llp/9499/US
Alden Law Group PLLC,www.bestlawfirms.com/firms/alden-law-group-pllc/38879/US
Alston & Bird LLP,www.bestlawfirms.com/firms/alston-bird-llp/29201/US
Arnall Golden Gregory LLP,www.bestlawfirms.com/firms/arnall-golden-gregory-llp/7381/US
Babst Calland,www.bestlawfirms.com/firms/babst-calland/18687/US
Balch & Bingham LLP,www.bestlawfirms.com/firms/balch-bingham-llp/1598/US
Barnes & Thornburg LLP,www.bestlawfirms.com/firms/barnes-thornburg-llp/31214/US
Bergeson & Campbell PC,www.bestlawfirms.com/firms/bergeson-campbell-pc/32238/US
Berliner Corcoran & Rowe LLP,www.bestlawfirms.com/firms/berliner-corcoran-rowe-llp/32531/US
Bernabei & Kabat PLLC,www.bestlawfirms.com/firms/bernabei-kabat-pllc/35794/US
Bertram & Murphy,www.bestlawfirms.com/firms/bertram-murphy/70397/US
Bracewell LLP,www.bestlawfirms.com/firms/bracewell-llp/16077/US
Bradley Arant Boult Cummings LLP,www.bestlawfirms.com/firms/bradley-arant-boult-cummings-llp/1796/US
"Brown, Goldstein & Levy LLP",www.bestlawfirms.com/firms/brown-goldstein-levy-llp/2642/US
Brownstein Hyatt Farber Schreck LLP,www.bestlawfirms.com/firms/brownstein-hyatt-farber-schreck-llp/24524/US
Burns Charest LLP,www.bestlawfirms.com/firms/burns-charest-llp/73304/US
Carr Maloney PC,www.bestlawfirms.com/firms/carr-maloney-pc/50466/US
Cassidy Levy Kent LLP,www.bestlawfirms.com/firms/cassidy-levy-kent-llp/51308/US
"Chaikin, Sherman, Cammarata & Siegel PC",www.bestlawfirms.com/firms/chaikin-sherman-cammarata-siegel-pc/35728/US
Correia & Puth PLLC,www.bestlawfirms.com/firms/correia-puth-pllc/39422/US
Davis Wright Tremaine LLP,www.bestlawfirms.com/firms/davis-wright-tremaine-llp/9913/US
Desmarais LLP,www.bestlawfirms.com/firms/desmarais-llp/53254/US
Dickinson Wright PLLC,www.bestlawfirms.com/firms/dickinson-wright-pllc/4464/US
"Finnegan, Henderson, Farabow, Garrett & Dunner LLP",www.bestlawfirms.com/firms/finnegan-henderson-farabow-garrett-dunner-llp/22652/US
FordHarrison,www.bestlawfirms.com/firms/fordharrison/23480/US
Gardella Alciati,www.bestlawfirms.com/firms/gardella-alciati/77108/US
"Gibson, Dunn & Crutcher LLP",www.bestlawfirms.com/firms/gibson-dunn-crutcher-llp/14163/US
Goodwin,www.bestlawfirms.com/firms/goodwin/16996/US
Greenberg Traurig,www.bestlawfirms.com/firms/greenberg-traurig/8794/US
Groom Law Group Chartered,www.bestlawfirms.com/firms/groom-law-group-chartered/22470/US
"Grossberg, Yochelson, Fox & Beyda LLP",www.bestlawfirms.com/firms/grossberg-yochelson-fox-beyda-llp/22337/US
Hausfeld LLP,www.bestlawfirms.com/firms/hausfeld-llp/52246/US
Henrichsen Law Group PLLC,www.bestlawfirms.com/firms/henrichsen-law-group-pllc/35403/US
"Hobbs, Straus, Dean & Walker LLP",www.bestlawfirms.com/firms/hobbs-straus-dean-walker-llp/35335/US
Holland & Knight LLP,www.bestlawfirms.com/firms/holland-knight-llp/96028/US
Hollingsworth LLP,www.bestlawfirms.com/firms/hollingsworth-llp/35255/US
Holtzman Vogel Baran Torchinsky & Josefiak PLLC,www.bestlawfirms.com/firms/holtzman-vogel-baran-torchinsky-josefiak-pllc/66228/US
Hudson Cook LLP,www.bestlawfirms.com/firms/hudson-cook-llp/47743/US
"Hyman, Phelps & McNamara PC",www.bestlawfirms.com/firms/hyman-phelps-mcnamara-pc/40057/US
Ifrah Law,www.bestlawfirms.com/firms/ifrah-law/55357/US
"Ivins, Phillips & Barker Chartered",www.bestlawfirms.com/firms/ivins-phillips-barker-chartered/22760/US
Kaiser PLLC,www.bestlawfirms.com/firms/kaiser-pllc/66702/US
Katten,www.bestlawfirms.com/firms/katten/3884/US
Katz Banks Kumin LLP,www.bestlawfirms.com/firms/katz-banks-kumin-llp/40134/US
Keller and Heckman LLP,www.bestlawfirms.com/firms/keller-and-heckman-llp/45470/US
Kilpatrick Townsend & Stockton LLP,www.bestlawfirms.com/firms/kilpatrick-townsend-stockton-llp/2090/US
Kirkland & Ellis LLP,www.bestlawfirms.com/firms/kirkland-ellis-llp/3969/US
"Kleinfeld, Kaplan & Becker LLP",www.bestlawfirms.com/firms/kleinfeld-kaplan-becker-llp/39995/US
Koonz McKenney Johnson & DePaolis LLP,www.bestlawfirms.com/firms/koonz-mckenney-johnson-depaolis-llp/22702/US
Law Office of Dwight Smith PLLC,www.bestlawfirms.com/firms/law-office-of-dwight-smith-pllc/95779/US
Law Offices of Jane C. Bergner,www.bestlawfirms.com/firms/law-offices-of-jane-c-bergner/35828/US
Lawrence & Bundy LLC,www.bestlawfirms.com/firms/lawrence-bundy-llc/71930/US
Lerman Senter PLLC,www.bestlawfirms.com/firms/lerman-senter-pllc/46985/US
Littler,www.bestlawfirms.com/firms/littler/3648/US
Loeb & Loeb LLP,www.bestlawfirms.com/firms/loeb-loeb-llp/12975/US
Lowenstein Sandler LLP,www.bestlawfirms.com/firms/lowenstein-sandler-llp/428/US
"Manatt, Phelps & Phillips LLP",www.bestlawfirms.com/firms/manatt-phelps-phillips-llp/12917/US
McDermott Will & Emery,www.bestlawfirms.com/firms/mcdermott-will-emery/3695/US
McGillivary Steele Elkin LLP,www.bestlawfirms.com/firms/mcgillivary-steele-elkin-llp/89134/US
Mitchell Sandler PLLC,www.bestlawfirms.com/firms/mitchell-sandler-pllc/85045/US
MoloLamken LLP,www.bestlawfirms.com/firms/mololamken-llp/52239/US
"Morris, Manning & Martin LLP",www.bestlawfirms.com/firms/morris-manning-martin-llp/33712/US
Morrison Foerster,www.bestlawfirms.com/firms/morrison-foerster/2550/US
Motley Rice LLC,www.bestlawfirms.com/firms/motley-rice-llc/14727/US
Nace Law Group,www.bestlawfirms.com/firms/nace-law-group/22711/US
Nelson Mullins Riley & Scarborough LLP,www.bestlawfirms.com/firms/nelson-mullins-riley-scarborough-llp/2397/US
Nixon Peabody LLP,www.bestlawfirms.com/firms/nixon-peabody-llp/248/US
"Ogletree, Deakins, Nash, Smoak & Stewart PC",www.bestlawfirms.com/firms/ogletree-deakins-nash-smoak-stewart-pc/2133/US
Oppenheim + Zebrak LLP,www.bestlawfirms.com/firms/oppenheim-zebrak-llp/93012/US
Patrick Malone & Associates PC,www.bestlawfirms.com/firms/patrick-malone-associates-pc/47005/US
Paul Hastings LLP,www.bestlawfirms.com/firms/paul-hastings-llp/1024/US
Peckar & Abramson PC,www.bestlawfirms.com/firms/peckar-abramson-pc/8983/US
Perkins Coie LLP,www.bestlawfirms.com/firms/perkins-coie-llp/9936/US
Pierce Atwood LLP,www.bestlawfirms.com/firms/pierce-atwood-llp/140/US
Pillsbury,www.bestlawfirms.com/firms/pillsbury/13448/US
Potomac Law Group PLLC,www.bestlawfirms.com/firms/potomac-law-group-pllc/75576/US
Price Benowitz LLP,www.bestlawfirms.com/firms/price-benowitz-llp/50997/US
Proskauer Rose LLP,www.bestlawfirms.com/firms/proskauer-rose-llp/13804/US
Regan Zambri Long PLLC,www.bestlawfirms.com/firms/regan-zambri-long-pllc/35748/US
Rock Creek Energy Group LLP,www.bestlawfirms.com/firms/rock-creek-energy-group-llp/94391/US
Ropes & Gray LLP,www.bestlawfirms.com/firms/ropes-gray-llp/17395/US
Rosenblum Immigration Law PLLC,www.bestlawfirms.com/firms/rosenblum-immigration-law-pllc/76475/US
Sanford Heisler Sharp McKnight LLP,www.bestlawfirms.com/firms/sanford-heisler-sharp-mcknight-llp/63374/US
Schertler Onorato Mead & Sears LLP,www.bestlawfirms.com/firms/schertler-onorato-mead-sears-llp/35734/US
Seward & Kissel LLP,www.bestlawfirms.com/firms/seward-kissel-llp/27755/US
Shulman Rogers,www.bestlawfirms.com/firms/shulman-rogers/35678/US
"Skadden, Arps, Slate, Meagher & Flom LLP",www.bestlawfirms.com/firms/skadden-arps-slate-meagher-flom-llp/3851/US
Slover & Loftus LLP,www.bestlawfirms.com/firms/slover-loftus-llp/40106/US
Smollar Kuntz Locey PLLC,www.bestlawfirms.com/firms/smollar-kuntz-locey-pllc/99121/US
Stein Mitchell Beato & Missner LLP,www.bestlawfirms.com/firms/stein-mitchell-beato-missner-llp/22495/US
Sullivan & Worcester LLP,www.bestlawfirms.com/firms/sullivan-worcester-llp/16978/US
Telecommunications Law Professionals PLLC,www.bestlawfirms.com/firms/telecommunications-law-professionals-pllc/56045/US
Tenenbaum Law Group PLLC,www.bestlawfirms.com/firms/tenenbaum-law-group-pllc/89518/US
The Employment Law Group PC,www.bestlawfirms.com/firms/the-employment-law-group-pc/47752/US
The Wagner Law Group,www.bestlawfirms.com/firms/the-wagner-law-group/32261/US
Trombly & Singer PLLC,www.bestlawfirms.com/firms/trombly-singer-pllc/35844/US
Tucker PLLC,www.bestlawfirms.com/firms/tucker-pllc/104406/US
Washington Energy Law LLP,www.bestlawfirms.com/firms/washington-energy-law-llp/101287/US
Wilmer Cutler Pickering Hale and Dorr LLP,www.bestlawfirms.com/firms/wilmer-cutler-pickering-hale-and-dorr-llp/20955/US
Winston & Strawn LLP,www.bestlawfirms.com/firms/winston-strawn-llp/3938/US
Wright & Talisman PC,www.bestlawfirms.com/firms/wright-talisman-pc/13895/US
Zamani & Associates PLLC,www.bestlawfirms.com/firms/zamani-associates-pllc/75393/US
Zuckerman Law,www.bestlawfirms.com/firms/zuckerman-law/64649/US
Ain & Bank PC,www.bestlawfirms.com/firms/ain-bank-pc/34990/US
Akin,www.bestlawfirms.com/firms/akin/15305/US
Albemarle Law & Policy PLLC,www.bestlawfirms.com/firms/albemarle-law-policy-pllc/101990/US
"Alderman, Devorsetz & Hora PLLC",www.bestlawfirms.com/firms/alderman-devorsetz-hora-pllc/77027/US
Amin Wasserman Gurnani LLP,www.bestlawfirms.com/firms/amin-wasserman-gurnani-llp/71451/US
"Amis, Patel & Brewer LLP",www.bestlawfirms.com/firms/amis-patel-brewer-llp/79064/US
Anderson Kill PC,www.bestlawfirms.com/firms/anderson-kill-pc/28355/US
"Ann Garfinkle, Attorney at Law",www.bestlawfirms.com/firms/ann-garfinkle-attorney-at-law/92362/US
A&O Shearman,www.bestlawfirms.com/firms/a-o-shearman/106595/US
ArentFox Schiff LLP,www.bestlawfirms.com/firms/arentfox-schiff-llp/98278/US
Arlinda F. Locklear,www.bestlawfirms.com/firms/arlinda-f-locklear/55619/US
Arnold & Porter,www.bestlawfirms.com/firms/arnold-porter/76358/US
Ashcraft & Gerel LLP,www.bestlawfirms.com/firms/ashcraft-gerel-llp/19690/US
"Asmar, Schor & McKenna PLLC",www.bestlawfirms.com/firms/asmar-schor-mckenna-pllc/52763/US
"Axinn, Veltrop & Harkrider LLP",www.bestlawfirms.com/firms/axinn-veltrop-harkrider-llp/32341/US
Bailen Law,www.bestlawfirms.com/firms/bailen-law/99020/US
Bailey & Glasser LLP,www.bestlawfirms.com/firms/bailey-glasser-llp/34751/US
Baker Botts LLP,www.bestlawfirms.com/firms/baker-botts-llp/33939/US
"Baker, Donelson, Bearman, Caldwell & Berkowitz PC",www.bestlawfirms.com/firms/baker-donelson-bearman-caldwell-berkowitz-pc/7409/US
BakerHostetler,www.bestlawfirms.com/firms/bakerhostetler/9328/US
Baker McKenzie LLP,www.bestlawfirms.com/firms/baker-mckenzie-llp/3934/US
Baker & Miller PLLC,www.bestlawfirms.com/firms/baker-miller-pllc/31386/US
Ballard Spahr LLP,www.bestlawfirms.com/firms/ballard-spahr-llp/2582/US
BAL LLP,www.bestlawfirms.com/firms/bal-llp/35950/US
Banoun Law PLLC,www.bestlawfirms.com/firms/banoun-law-pllc/76711/US
Barkat Law Firm,www.bestlawfirms.com/firms/barkat-law-firm/91979/US
Barr & Camens,www.bestlawfirms.com/firms/barr-camens/35796/US
"Bass, Berry & Sims PLC",www.bestlawfirms.com/firms/bass-berry-sims-plc/25136/US
Bayne & Associates,www.bestlawfirms.com/firms/bayne-associates/66282/US
Beardsley Law PLLC,www.bestlawfirms.com/firms/beardsley-law-pllc/63698/US
Beins Axelrod PC,www.bestlawfirms.com/firms/beins-axelrod-pc/30474/US
Benach Collopy LLP,www.bestlawfirms.com/firms/benach-collopy-llp/56863/US
Ben Crump Law,www.bestlawfirms.com/firms/ben-crump-law/91112/US
Bessemer Trust Co.,www.bestlawfirms.com/firms/bessemer-trust-co/35425/US
Best Best & Krieger LLP,www.bestlawfirms.com/firms/best-best-krieger-llp/13758/US
Beveridge & Diamond PC,www.bestlawfirms.com/firms/beveridge-diamond-pc/13605/US
Bevilacqua PLLC,www.bestlawfirms.com/firms/bevilacqua-pllc/82437/US
Birch Horton Bittner & Cherot A Professional Corporation,www.bestlawfirms.com/firms/birch-horton-bittner-cherot-a-professional-corporation/35555/US
Bisceglie & Gritt,www.bestlawfirms.com/firms/bisceglie-gritt/30941/US
Blank Rome LLP,www.bestlawfirms.com/firms/blank-rome-llp/18207/US
Boies Schiller Flexner LLP,www.bestlawfirms.com/firms/boies-schiller-flexner-llp/32358/US
Bose McKinney & Evans LLP,www.bestlawfirms.com/firms/bose-mckinney-evans-llp/7903/US
"Bourelly, George and Brodey PLLC",www.bestlawfirms.com/firms/bourelly-george-and-brodey-pllc/105440/US
Bredhoff & Kaiser PLLC,www.bestlawfirms.com/firms/bredhoff-kaiser-pllc/22345/US
Brown Rudnick LLP,www.bestlawfirms.com/firms/brown-rudnick-llp/897/US
Bruce J. Klores & Associates PC,www.bestlawfirms.com/firms/bruce-j-klores-associates-pc/90953/US
Bruch Law Group LLP,www.bestlawfirms.com/firms/bruch-law-group-llp/63301/US
Bryan Cave Leighton Paisner LLP,www.bestlawfirms.com/firms/bryan-cave-leighton-paisner-llp/6351/US
Buchanan Ingersoll & Rooney PC,www.bestlawfirms.com/firms/buchanan-ingersoll-rooney-pc/10262/US
Burr Law Firm PLLC,www.bestlawfirms.com/firms/burr-law-firm-pllc/57840/US
Buxton Law Offices PLLC,www.bestlawfirms.com/firms/buxton-law-offices-pllc/62532/US
"Cadeaux, Taglieri & Notarius PC",www.bestlawfirms.com/firms/cadeaux-taglieri-notarius-pc/22885/US
"Cadwalader, Wickersham & Taft LLP",www.bestlawfirms.com/firms/cadwalader-wickersham-taft-llp/8809/US
Cahill Gordon & Reindel LLP,www.bestlawfirms.com/firms/cahill-gordon-reindel-llp/27692/US
Capital Technology Law Group,www.bestlawfirms.com/firms/capital-technology-law-group/89924/US
Capitol Tax Partners,www.bestlawfirms.com/firms/capitol-tax-partners/37126/US
Caplin & Drysdale Chartered,www.bestlawfirms.com/firms/caplin-drysdale-chartered/22353/US
Carliner and Remes PC,www.bestlawfirms.com/firms/carliner-and-remes-pc/22644/US
Carlton Fields PA,www.bestlawfirms.com/firms/carlton-fields-pa/9234/US
Carmen L. Gentile PLLC,www.bestlawfirms.com/firms/carmen-l-gentile-pllc/84068/US
Cashdan & Kane PLLC,www.bestlawfirms.com/firms/cashdan-kane-pllc/59512/US
Cassidy Law PLLC,www.bestlawfirms.com/firms/cassidy-law-pllc/84502/US
Charles C. Thebaud,www.bestlawfirms.com/firms/charles-c-thebaud/102197/US
Cipriani & Werner PC,www.bestlawfirms.com/firms/cipriani-werner-pc/48221/US
Clark Hill PLC,www.bestlawfirms.com/firms/clark-hill-plc/4604/US
Cleary Gottlieb Steen & Hamilton LLP,www.bestlawfirms.com/firms/cleary-gottlieb-steen-hamilton-llp/22771/US
Clifford Chance US LLP,www.bestlawfirms.com/firms/clifford-chance-us-llp/91286/US
Clifford & Garde LLP,www.bestlawfirms.com/firms/clifford-garde-llp/61880/US
CM Law PLLC,www.bestlawfirms.com/firms/cm-law-pllc/63349/US
Cohen & Cohen PC,www.bestlawfirms.com/firms/cohen-cohen-pc/35739/US
Cohen Milstein Sellers & Toll PLLC,www.bestlawfirms.com/firms/cohen-milstein-sellers-toll-pllc/33685/US
"Cole, Mink, & Fransella PLLC",www.bestlawfirms.com/firms/cole-mink-fransella-pllc/95752/US
Constantine Cannon LLP,www.bestlawfirms.com/firms/constantine-cannon-llp/38891/US
Cooley LLP,www.bestlawfirms.com/firms/cooley-llp/13597/US
Cooper & Kirk PLLC,www.bestlawfirms.com/firms/cooper-kirk-pllc/39055/US
Covington & Burling LLP,www.bestlawfirms.com/firms/covington-burling-llp/22820/US
Cozen O'Connor,www.bestlawfirms.com/firms/cozen-o-connor/23366/US
"Cravath, Swaine & Moore LLP",www.bestlawfirms.com/firms/cravath-swaine-moore-llp/28183/US
Crowell & Moring LLP,www.bestlawfirms.com/firms/crowell-moring-llp/22397/US
Cullen and Dykman LLP,www.bestlawfirms.com/firms/cullen-and-dykman-llp/27397/US
Curtin Law Roberson Dunigan & Salans,www.bestlawfirms.com/firms/curtin-law-roberson-dunigan-salans/22311/US
"Curtis, Mallet-Prevost, Colt & Mosle LLP",www.bestlawfirms.com/firms/curtis-mallet-prevost-colt-mosle-llp/27715/US
Davis & Harman LLP,www.bestlawfirms.com/firms/davis-harman-llp/35284/US
Davis Polk & Wardwell LLP,www.bestlawfirms.com/firms/davis-polk-wardwell-llp/22536/US
Day Pitney LLP,www.bestlawfirms.com/firms/day-pitney-llp/404/US
Debevoise & Plimpton LLP,www.bestlawfirms.com/firms/debevoise-plimpton-llp/22334/US
Dechert LLP,www.bestlawfirms.com/firms/dechert-llp/622/US
Deloitte LLP,www.bestlawfirms.com/firms/deloitte-llp/29121/US
Dentons U.S. LLP,www.bestlawfirms.com/firms/dentons-u-s-llp/3757/US
Deutsch Hunt,www.bestlawfirms.com/firms/deutsch-hunt/85214/US
Dillon PLLC,www.bestlawfirms.com/firms/dillon-pllc/104413/US
District Employment Law PLLC,www.bestlawfirms.com/firms/district-employment-law-pllc/101289/US
District Family Law,www.bestlawfirms.com/firms/district-family-law/99846/US
DLA Piper,www.bestlawfirms.com/firms/dla-piper/2669/US
Dorsey & Whitney LLP,www.bestlawfirms.com/firms/dorsey-whitney-llp/7656/US
Duane Morris LLP,www.bestlawfirms.com/firms/duane-morris-llp/18309/US
"Duncan, Weinberg, Genzer, Pembroke PC",www.bestlawfirms.com/firms/duncan-weinberg-genzer-pembroke-pc/54763/US
Dykema Gossett PLLC,www.bestlawfirms.com/firms/dykema-gossett-pllc/4381/US
Earth & Water Law LLC,www.bestlawfirms.com/firms/earth-water-law-llc/77123/US
Eckert Seamans Cherin & Mellott LLC,www.bestlawfirms.com/firms/eckert-seamans-cherin-mellott-llc/9425/US
Elias Law Group,www.bestlawfirms.com/firms/elias-law-group/96314/US
Ellerman Enzinna Levy PLLC,www.bestlawfirms.com/firms/ellerman-enzinna-levy-pllc/71895/US
Elliot Polebaum,www.bestlawfirms.com/firms/elliot-polebaum/81398/US
Engleman Fallon PLLC,www.bestlawfirms.com/firms/engleman-fallon-pllc/80655/US
Epstein Becker & Green PC,www.bestlawfirms.com/firms/epstein-becker-green-pc/28047/US
Eric Siegel Law,www.bestlawfirms.com/firms/eric-siegel-law/104727/US
Eversheds Sutherland (US) LLP,www.bestlawfirms.com/firms/eversheds-sutherland-us-llp/2119/US
EY,www.bestlawfirms.com/firms/ey/31696/US
Faegre Drinker Biddle & Reath LLP,www.bestlawfirms.com/firms/faegre-drinker-biddle-reath-llp/89435/US
Federal Practice Group,www.bestlawfirms.com/firms/federal-practice-group/67753/US
Fisch Sigler LLP,www.bestlawfirms.com/firms/fisch-sigler-llp/59956/US
FisherBroyles LLP,www.bestlawfirms.com/firms/fisherbroyles-llp/49705/US
Fish & Richardson PC,www.bestlawfirms.com/firms/fish-richardson-pc/15877/US
Foley Hoag LLP,www.bestlawfirms.com/firms/foley-hoag-llp/17470/US
Foley & Lardner LLP,www.bestlawfirms.com/firms/foley-lardner-llp/4038/US
Foret Law PLLC,www.bestlawfirms.com/firms/foret-law-pllc/101531/US
Fortney & Scott LLC,www.bestlawfirms.com/firms/fortney-scott-llc/45014/US
Foster Garvey PC,www.bestlawfirms.com/firms/foster-garvey-pc/19966/US
"Foster, Murphy, Altman & Nickel PC",www.bestlawfirms.com/firms/foster-murphy-altman-nickel-pc/55058/US
Fox Rothschild LLP,www.bestlawfirms.com/firms/fox-rothschild-llp/671/US
"Fragomen, Del Rey, Bernsen & Loewy LLP",www.bestlawfirms.com/firms/fragomen-del-rey-bernsen-loewy-llp/28405/US
FrankelWyron LLP,www.bestlawfirms.com/firms/frankelwyron-llp/65467/US
Franklin Karibjanian & Law PLLC,www.bestlawfirms.com/firms/franklin-karibjanian-law-pllc/34568/US
Freshfields,www.bestlawfirms.com/firms/freshfields/33266/US
"Fried, Frank, Harris, Shriver & Jacobson LLP",www.bestlawfirms.com/firms/fried-frank-harris-shriver-jacobson-llp/22385/US
Friedlander Misler PLLC,www.bestlawfirms.com/firms/friedlander-misler-pllc/99424/US
Garrow Law Firm PLLC,www.bestlawfirms.com/firms/garrow-law-firm-pllc/89385/US
Gilbert LLP,www.bestlawfirms.com/firms/gilbert-llp/35596/US
GKG Law PC,www.bestlawfirms.com/firms/gkg-law-pc/35788/US
Gordon Rees Scully Mansukhani LLP,www.bestlawfirms.com/firms/gordon-rees-scully-mansukhani-llp/35295/US
Goulston & Storrs PC,www.bestlawfirms.com/firms/goulston-storrs-pc/17016/US
Gray Miller Persh LLP,www.bestlawfirms.com/firms/gray-miller-persh-llp/66441/US
Greenstein DeLorme & Luchs PC,www.bestlawfirms.com/firms/greenstein-delorme-luchs-pc/35602/US
"Hall, Render, Killian, Heath & Lyman PC",www.bestlawfirms.com/firms/hall-render-killian-heath-lyman-pc/8067/US
Harkins Cunningham LLP,www.bestlawfirms.com/firms/harkins-cunningham-llp/18227/US
Haug Partners LLP,www.bestlawfirms.com/firms/haug-partners-llp/31923/US
Haynes and Boone LLP,www.bestlawfirms.com/firms/haynes-and-boone-llp/16441/US
"Heller, Huron, Chertkof & Salzman PLLC",www.bestlawfirms.com/firms/heller-huron-chertkof-salzman-pllc/35800/US
Henrikson Law PLLC,www.bestlawfirms.com/firms/henrikson-law-pllc/84365/US
Hills Stern & Morley LLP,www.bestlawfirms.com/firms/hills-stern-morley-llp/32428/US
Hogan Lovells US LLP,www.bestlawfirms.com/firms/hogan-lovells-us-llp/2713/US
"Hooper, Lundy & Bookman PC",www.bestlawfirms.com/firms/hooper-lundy-bookman-pc/13619/US
"Hoppel, Mayer & Coleman",www.bestlawfirms.com/firms/hoppel-mayer-coleman/37321/US
Horacio Grigera Naón,www.bestlawfirms.com/firms/horacio-grigera-naon/105318/US
Hoyer Law Group PLLC,www.bestlawfirms.com/firms/hoyer-law-group-pllc/84052/US
Hughes Hubbard & Reed LLP,www.bestlawfirms.com/firms/hughes-hubbard-reed-llp/27852/US
Hunton Andrews Kurth LLP,www.bestlawfirms.com/firms/hunton-andrews-kurth-llp/14054/US
Husch Blackwell LLP,www.bestlawfirms.com/firms/husch-blackwell-llp/6325/US
HWG LLP,www.bestlawfirms.com/firms/hwg-llp/35608/US
Ice Miller LLP,www.bestlawfirms.com/firms/ice-miller-llp/8233/US
Ittig & Ittig PC,www.bestlawfirms.com/firms/ittig-ittig-pc/34932/US
Jack H. Olender & Associates PC,www.bestlawfirms.com/firms/jack-h-olender-associates-pc/22504/US
Jackson & Campbell PC,www.bestlawfirms.com/firms/jackson-campbell-pc/22674/US
James & Hoffman PC,www.bestlawfirms.com/firms/james-hoffman-pc/33379/US
James H. Wallace,www.bestlawfirms.com/firms/james-h-wallace/84936/US
JAMS,www.bestlawfirms.com/firms/jams/34974/US
Janis Law PLLC,www.bestlawfirms.com/firms/janis-law-pllc/83898/US
Jeffrey S. Puretz,www.bestlawfirms.com/firms/jeffrey-s-puretz/91767/US
Jenner & Block LLP,www.bestlawfirms.com/firms/jenner-block-llp/3752/US
Jill Grant & Associates,www.bestlawfirms.com/firms/jill-grant-associates/66991/US
John Dienelt PLLC,www.bestlawfirms.com/firms/john-dienelt-pllc/96047/US
John & Hengerer,www.bestlawfirms.com/firms/john-hengerer/53127/US
"John P. Mahoney, Esq., Attorney at Law",www.bestlawfirms.com/firms/john-p-mahoney-esq-attorney-at-law/82507/US
Jones Day,www.bestlawfirms.com/firms/jones-day/2104/US
JR KASMAN PLLC,www.bestlawfirms.com/firms/jr-kasman-pllc/71498/US
"Kalijarvi, Chuzi, Newman & Fitch PC",www.bestlawfirms.com/firms/kalijarvi-chuzi-newman-fitch-pc/89534/US
Kaplan Kirsch LLP,www.bestlawfirms.com/firms/kaplan-kirsch-llp/35418/US
KCampbell-Law PLLC,www.bestlawfirms.com/firms/kcampbell-law-pllc/77183/US
Kelley Drye & Warren LLP,www.bestlawfirms.com/firms/kelley-drye-warren-llp/27867/US
"Kellogg, Hansen, Todd, Figel & Frederick PLLC",www.bestlawfirms.com/firms/kellogg-hansen-todd-figel-frederick-pllc/35178/US
Kelly IP LLP,www.bestlawfirms.com/firms/kelly-ip-llp/75499/US
King & Spalding LLP,www.bestlawfirms.com/firms/king-spalding-llp/2094/US
Klein Law Group PLLC,www.bestlawfirms.com/firms/klein-law-group-pllc/44937/US
K&L Gates LLP,www.bestlawfirms.com/firms/k-l-gates-llp/17441/US
Klimaski & Associates,www.bestlawfirms.com/firms/klimaski-associates/85921/US
Knobbe Martens,www.bestlawfirms.com/firms/knobbe-martens/13569/US
Kostelanetz LLP,www.bestlawfirms.com/firms/kostelanetz-llp/28167/US
KPMG LLP,www.bestlawfirms.com/firms/kpmg-llp/33133/US
Kramer Levin Naftalis & Frankel LLP,www.bestlawfirms.com/firms/kramer-levin-naftalis-frankel-llp/28383/US
Kropf Moseley PLLC,www.bestlawfirms.com/firms/kropf-moseley-pllc/91614/US
Kutak Rock LLP,www.bestlawfirms.com/firms/kutak-rock-llp/7155/US
Lanny J. Davis & Associates PLLC,www.bestlawfirms.com/firms/lanny-j-davis-associates-pllc/104357/US
Larson LLP,www.bestlawfirms.com/firms/larson-llp/71914/US
Lassman Law + Policy,www.bestlawfirms.com/firms/lassman-law-policy/84928/US
Latham & Watkins LLP,www.bestlawfirms.com/firms/latham-watkins-llp/3716/US
Lathrop GPM LLP,www.bestlawfirms.com/firms/lathrop-gpm-llp/88869/US
Laurence & Phillips IP Law,www.bestlawfirms.com/firms/laurence-phillips-ip-law/77399/US
"Lawler, Metzger, Keeney & Logan LLC",www.bestlawfirms.com/firms/lawler-metzger-keeney-logan-llc/35628/US
Law Office of C.J. Soschin,www.bestlawfirms.com/firms/law-office-of-c-j-soschin/92859/US
Law Office of David A. Branch and Associates PLLC,www.bestlawfirms.com/firms/law-office-of-david-a-branch-and-associates-pllc/85674/US
Law Office of Francis D. Carter,www.bestlawfirms.com/firms/law-office-of-francis-d-carter/56485/US
Law Office of José Pertierra PC,www.bestlawfirms.com/firms/law-office-of-jose-pertierra-pc/31914/US
Law Office of Lewis J. Saret,www.bestlawfirms.com/firms/law-office-of-lewis-j-saret/56873/US
Law Office of Linda M. Hoffman PC,www.bestlawfirms.com/firms/law-office-of-linda-m-hoffman-pc/53097/US
Law Office of Neil Ellis PLLC,www.bestlawfirms.com/firms/law-office-of-neil-ellis-pllc/92348/US
"Law Office of Pleasant S. Brodnax, III",www.bestlawfirms.com/firms/law-office-of-pleasant-s-brodnax-iii/58677/US
Law Office of Thomas W. Wilcox,www.bestlawfirms.com/firms/law-office-of-thomas-w-wilcox/95796/US
Law Offices of Alfred F. Belcuore,www.bestlawfirms.com/firms/law-offices-of-alfred-f-belcuore/53579/US
Law Offices of Catherine Mary Rafferty,www.bestlawfirms.com/firms/law-offices-of-catherine-mary-rafferty/72041/US
Law Offices of Charles R. Both,www.bestlawfirms.com/firms/law-offices-of-charles-r-both/45701/US
Law Offices of G. Allen Dale PLLC,www.bestlawfirms.com/firms/law-offices-of-g-allen-dale-pllc/35730/US
Law Offices of Gregory S. Smith,www.bestlawfirms.com/firms/law-offices-of-gregory-s-smith/62293/US
Law Offices of Jack N. Goodman,www.bestlawfirms.com/firms/law-offices-of-jack-n-goodman/55095/US
Law Offices of Justin Thornton,www.bestlawfirms.com/firms/law-offices-of-justin-thornton/54137/US
Law Offices of Larry E. Christensen PLLC,www.bestlawfirms.com/firms/law-offices-of-larry-e-christensen-pllc/80670/US
Law Offices of Stanley J. Samorajczyk,www.bestlawfirms.com/firms/law-offices-of-stanley-j-samorajczyk/76617/US
Leech Tishman LLC,www.bestlawfirms.com/firms/leech-tishman-llc/32712/US
LeGrand Law PLLC,www.bestlawfirms.com/firms/legrand-law-pllc/82870/US
Lehotsky Keller Cohn LLP,www.bestlawfirms.com/firms/lehotsky-keller-cohn-llp/94204/US
Leventhal Law Group PLLC,www.bestlawfirms.com/firms/leventhal-law-group-pllc/74759/US
Levy Firestone Muse LLP,www.bestlawfirms.com/firms/levy-firestone-muse-llp/70545/US
Lewis Baach Kaufmann Middlemiss PLLC,www.bestlawfirms.com/firms/lewis-baach-kaufmann-middlemiss-pllc/22600/US
Lewis Brisbois Bisgaard & Smith LLP,www.bestlawfirms.com/firms/lewis-brisbois-bisgaard-smith-llp/13861/US
Lightfoot Law PLLC,www.bestlawfirms.com/firms/lightfoot-law-pllc/86074/US
Liles Parker,www.bestlawfirms.com/firms/liles-parker/76582/US
Lindner & Associates PC,www.bestlawfirms.com/firms/lindner-associates-pc/45151/US
Linklaters,www.bestlawfirms.com/firms/linklaters/42538/US
"Liotta, Dranitzke & Engel LLP",www.bestlawfirms.com/firms/liotta-dranitzke-engel-llp/22777/US
Lippes Mathias LLP,www.bestlawfirms.com/firms/lippes-mathias-llp/30303/US
"Little, Rothwell & Vander Lugt PLLC",www.bestlawfirms.com/firms/little-rothwell-vander-lugt-pllc/77709/US
Locke Lord LLP,www.bestlawfirms.com/firms/locke-lord-llp/10544/US
Maggio + Kattar,www.bestlawfirms.com/firms/maggio-kattar/22671/US
Mark A. Kantor,www.bestlawfirms.com/firms/mark-a-kantor/37035/US
Mark S. Zaid PC,www.bestlawfirms.com/firms/mark-s-zaid-pc/90912/US
"Martell, Donnelly, Grimaldi & Gallagher PA",www.bestlawfirms.com/firms/martell-donnelly-grimaldi-gallagher-pa/35813/US
Marzulla Law LLC,www.bestlawfirms.com/firms/marzulla-law-llc/44428/US
Mayer Brown,www.bestlawfirms.com/firms/mayer-brown/4067/US
MAY JUNG LLP,www.bestlawfirms.com/firms/may-jung-llp/102995/US
MCarlson Arbitration PLLC,www.bestlawfirms.com/firms/mcarlson-arbitration-pllc/105402/US
McCarter & English LLP,www.bestlawfirms.com/firms/mccarter-english-llp/407/US
McGlinchey Stafford PLLC,www.bestlawfirms.com/firms/mcglinchey-stafford-pllc/10583/US
McGuireWoods LLP,www.bestlawfirms.com/firms/mcguirewoods-llp/2768/US
Michael D. Sherman,www.bestlawfirms.com/firms/michael-d-sherman/69941/US
Milbank LLP,www.bestlawfirms.com/firms/milbank-llp/13840/US
Miles & Stockbridge PC,www.bestlawfirms.com/firms/miles-stockbridge-pc/2562/US
Miller & Chevalier Chartered,www.bestlawfirms.com/firms/miller-chevalier-chartered/22326/US
Miller Friel PLLC,www.bestlawfirms.com/firms/miller-friel-pllc/81375/US
Mills Black LLP,www.bestlawfirms.com/firms/mills-black-llp/90079/US
Milone Law Firm PLLC,www.bestlawfirms.com/firms/milone-law-firm-pllc/89645/US
"Mintz, Levin, Cohn, Ferris, Glovsky and Popeo PC",www.bestlawfirms.com/firms/mintz-levin-cohn-ferris-glovsky-and-popeo-pc/16999/US
Mitchell Silberberg & Knupp LLP,www.bestlawfirms.com/firms/mitchell-silberberg-knupp-llp/13098/US
MK Family Law PLLC,www.bestlawfirms.com/firms/mk-family-law-pllc/69468/US
"Morgan, Lewis & Bockius",www.bestlawfirms.com/firms/morgan-lewis-bockius/28390/US
Mullins Law Group,www.bestlawfirms.com/firms/mullins-law-group/104628/US
"Munger, Tolles & Olson LLP",www.bestlawfirms.com/firms/munger-tolles-olson-llp/12813/US
Nardiello Turanchik LLP,www.bestlawfirms.com/firms/nardiello-turanchik-llp/105068/US
New Civil Liberties Alliance,www.bestlawfirms.com/firms/new-civil-liberties-alliance/88334/US
Nichols Liu LLP,www.bestlawfirms.com/firms/nichols-liu-llp/91401/US
Nigh Goldenberg Raso & Vaughn,www.bestlawfirms.com/firms/nigh-goldenberg-raso-vaughn/101505/US
Norton Rose Fulbright LLP,www.bestlawfirms.com/firms/norton-rose-fulbright-llp/13553/US
Nossaman LLP,www.bestlawfirms.com/firms/nossaman-llp/13070/US
O'Donoghue & O'Donoghue LLP,www.bestlawfirms.com/firms/o-donoghue-o-donoghue-llp/22621/US
"Offit Kurman, Attorneys At Law",www.bestlawfirms.com/firms/offit-kurman-attorneys-at-law/52271/US
Olsson Frank Weeda Terman Matz PC,www.bestlawfirms.com/firms/olsson-frank-weeda-terman-matz-pc/40055/US
O'Melveny & Myers,www.bestlawfirms.com/firms/o-melveny-myers/13209/US
"Orrick, Herrington & Sutcliffe LLP",www.bestlawfirms.com/firms/orrick-herrington-sutcliffe-llp/13567/US
Osborne Law Offices PC,www.bestlawfirms.com/firms/osborne-law-offices-pc/66437/US
Outten & Golden LLP,www.bestlawfirms.com/firms/outten-golden-llp/28056/US
Palma Yanni PC,www.bestlawfirms.com/firms/palma-yanni-pc/63714/US
Parker Poe Adams & Bernstein LLP,www.bestlawfirms.com/firms/parker-poe-adams-bernstein-llp/17965/US
Patomak Global Partners LLC,www.bestlawfirms.com/firms/patomak-global-partners-llc/63202/US
"Paul, Weiss, Rifkind, Wharton & Garrison LLP",www.bestlawfirms.com/firms/paul-weiss-rifkind-wharton-garrison-llp/27680/US
Phillips & Cohen LLP,www.bestlawfirms.com/firms/phillips-cohen-llp/34483/US
Pierson Ferdinand LLP,www.bestlawfirms.com/firms/pierson-ferdinand-llp/104411/US
PilieroMazza PLLC,www.bestlawfirms.com/firms/pilieromazza-pllc/65560/US
PintoBrown PLLC,www.bestlawfirms.com/firms/pintobrown-pllc/105450/US
Polsinelli PC,www.bestlawfirms.com/firms/polsinelli-pc/6734/US
Post & Schell PC,www.bestlawfirms.com/firms/post-schell-pc/18672/US
"Potts-Dupre, Hawkins & Kramer Chartered",www.bestlawfirms.com/firms/potts-dupre-hawkins-kramer-chartered/104391/US
Powers Pyles Sutter & Verville PC,www.bestlawfirms.com/firms/powers-pyles-sutter-verville-pc/22682/US
Quarles & Brady LLP,www.bestlawfirms.com/firms/quarles-brady-llp/33293/US
Quinn Emanuel Urquhart & Sullivan,www.bestlawfirms.com/firms/quinn-emanuel-urquhart-sullivan/35690/US
Raymond G. Bender PLLC,www.bestlawfirms.com/firms/raymond-g-bender-pllc/56887/US
Reed Smith LLP,www.bestlawfirms.com/firms/reed-smith-llp/31349/US
Relman Colfax PLLC,www.bestlawfirms.com/firms/relman-colfax-pllc/39458/US
Reno & Cavanaugh PLLC,www.bestlawfirms.com/firms/reno-cavanaugh-pllc/51659/US
Robert B. Fitzpatrick PLLC,www.bestlawfirms.com/firms/robert-b-fitzpatrick-pllc/22396/US
Rogers Yogodzinski LLP,www.bestlawfirms.com/firms/rogers-yogodzinski-llp/64658/US
"Rothwell, Figg, Ernst & Manbeck PC",www.bestlawfirms.com/firms/rothwell-figg-ernst-manbeck-pc/41677/US
"Rubin, Winston, Diercks, Harris & Cooke LLP",www.bestlawfirms.com/firms/rubin-winston-diercks-harris-cooke-llp/44940/US
Ruggeri Parks Weinberg,www.bestlawfirms.com/firms/ruggeri-parks-weinberg/98082/US
Rule Garza Howley LLP,www.bestlawfirms.com/firms/rule-garza-howley-llp/99120/US
Sandler Reiff Lamb Rosenstein & Birkenstock PC,www.bestlawfirms.com/firms/sandler-reiff-lamb-rosenstein-birkenstock-pc/40225/US
Sandza Law PLLC,www.bestlawfirms.com/firms/sandza-law-pllc/99615/US
Saul Ewing LLP,www.bestlawfirms.com/firms/saul-ewing-llp/2665/US
Schaerr Jaffe LLP,www.bestlawfirms.com/firms/schaerr-jaffe-llp/98953/US
Schagrin Associates,www.bestlawfirms.com/firms/schagrin-associates/79533/US
Schulte Roth & Zabel LLP,www.bestlawfirms.com/firms/schulte-roth-zabel-llp/27938/US
SECIL Law PLLC,www.bestlawfirms.com/firms/secil-law-pllc/99388/US
Seyfarth Shaw LLP,www.bestlawfirms.com/firms/seyfarth-shaw-llp/3844/US
Sheppard Mullin Richter & Hampton LLP,www.bestlawfirms.com/firms/sheppard-mullin-richter-hampton-llp/12863/US
"Shook, Hardy & Bacon LLP",www.bestlawfirms.com/firms/shook-hardy-bacon-llp/6387/US
Sidley Austin LLP,www.bestlawfirms.com/firms/sidley-austin-llp/3701/US
Simpson Thacher & Bartlett LLP,www.bestlawfirms.com/firms/simpson-thacher-bartlett-llp/27681/US
Slevin & Hart PC,www.bestlawfirms.com/firms/slevin-hart-pc/40135/US
"Smith, Gambrell & Russell LLP",www.bestlawfirms.com/firms/smith-gambrell-russell-llp/2358/US
Snell & Wilmer LLP,www.bestlawfirms.com/firms/snell-wilmer-llp/11106/US
Solomon Law Firm PLLC,www.bestlawfirms.com/firms/solomon-law-firm-pllc/88013/US
"Sonosky, Chambers, Sachse, Miller & Monkman LLP",www.bestlawfirms.com/firms/sonosky-chambers-sachse-miller-monkman-llp/34885/US
Squire Patton Boggs,www.bestlawfirms.com/firms/squire-patton-boggs/11159/US
Stanimir A. Alexandrov PLLC,www.bestlawfirms.com/firms/stanimir-a-alexandrov-pllc/81197/US
Steptoe LLP,www.bestlawfirms.com/firms/steptoe-llp/11244/US
"Sterne, Kessler, Goldstein & Fox PLLC",www.bestlawfirms.com/firms/sterne-kessler-goldstein-fox-pllc/35693/US
Stinson LLP,www.bestlawfirms.com/firms/stinson-llp/7029/US
Stradley Ronon Stevens & Young LLP,www.bestlawfirms.com/firms/stradley-ronon-stevens-young-llp/18559/US
Strandberg Strategy LLC,www.bestlawfirms.com/firms/strandberg-strategy-llc/98916/US
Sughrue Mion PLLC,www.bestlawfirms.com/firms/sughrue-mion-pllc/54034/US
Sullivan & Cromwell LLP,www.bestlawfirms.com/firms/sullivan-cromwell-llp/12959/US
Tawshunsky Law Firm PLLC,www.bestlawfirms.com/firms/tawshunsky-law-firm-pllc/90440/US
Technology & Communications Law PLLC,www.bestlawfirms.com/firms/technology-communications-law-pllc/94148/US
The Abelson Law Firm,www.bestlawfirms.com/firms/the-abelson-law-firm/33576/US
The Bristol Group PLLC,www.bestlawfirms.com/firms/the-bristol-group-pllc/99617/US
The Brown Law Firm PLLC,www.bestlawfirms.com/firms/the-brown-law-firm-pllc/99604/US
"The Cochran Firm, D.C.",www.bestlawfirms.com/firms/the-cochran-firm-d-c/63804/US
The Griffith Law Group PLLC,www.bestlawfirms.com/firms/the-griffith-law-group-pllc/63082/US
The Lapidus Law Firm PLLC,www.bestlawfirms.com/firms/the-lapidus-law-firm-pllc/55742/US
The Law Office of Jessica E. Adler,www.bestlawfirms.com/firms/the-law-office-of-jessica-e-adler/99845/US
The Law Office of Michael R. Klipper PLLC,www.bestlawfirms.com/firms/the-law-office-of-michael-r-klipper-pllc/48032/US
The Law Offices of Jon W. Norris,www.bestlawfirms.com/firms/the-law-offices-of-jon-w-norris/35733/US
The Law Offices of Kenneth R. Feinberg PC,www.bestlawfirms.com/firms/the-law-offices-of-kenneth-r-feinberg-pc/22390/US
The Law Offices of Peter R. Kolker,www.bestlawfirms.com/firms/the-law-offices-of-peter-r-kolker/99412/US
The Mayerson Firm PLLC,www.bestlawfirms.com/firms/the-mayerson-firm-pllc/66094/US
The Washington Law Firm PLLC,www.bestlawfirms.com/firms/the-washington-law-firm-pllc/99349/US
Thomas G. Havener,www.bestlawfirms.com/firms/thomas-g-havener/94230/US
Thompson Coburn LLP,www.bestlawfirms.com/firms/thompson-coburn-llp/3930/US
Thompson Hine LLP,www.bestlawfirms.com/firms/thompson-hine-llp/25786/US
Three Crowns LLP,www.bestlawfirms.com/firms/three-crowns-llp/66796/US
TLZ GLobal,www.bestlawfirms.com/firms/tlz-global/91498/US
Trade Pacific PLLC,www.bestlawfirms.com/firms/trade-pacific-pllc/72042/US
Treazure R. Johnson,www.bestlawfirms.com/firms/treazure-r-johnson/91319/US
"Trister, Ross, Schadler & Gold PLLC",www.bestlawfirms.com/firms/trister-ross-schadler-gold-pllc/35767/US
Troutman Pepper,www.bestlawfirms.com/firms/troutman-pepper/91144/US
Tucker Ellis LLP,www.bestlawfirms.com/firms/tucker-ellis-llp/34867/US
Tully Rinckey PLLC,www.bestlawfirms.com/firms/tully-rinckey-pllc/38996/US
Van Ness Feldman LLP,www.bestlawfirms.com/firms/van-ness-feldman-llp/35703/US
Vedder Price PC,www.bestlawfirms.com/firms/vedder-price-pc/3736/US
Veit3IP,www.bestlawfirms.com/firms/veit3ip/102173/US
Venable LLP,www.bestlawfirms.com/firms/venable-llp/2566/US
Victor Rane,www.bestlawfirms.com/firms/victor-rane/99661/US
Vinson & Elkins LLP,www.bestlawfirms.com/firms/vinson-elkins-llp/15246/US
VLP Law Group LLP,www.bestlawfirms.com/firms/vlp-law-group-llp/51463/US
Wasden Immigration Litigation,www.bestlawfirms.com/firms/wasden-immigration-litigation/102674/US
Washington Global Law Group,www.bestlawfirms.com/firms/washington-global-law-group/90956/US
"Wasserman, Mancini & Chang PC",www.bestlawfirms.com/firms/wasserman-mancini-chang-pc/22672/US
"Webster, Chamberlain & Bean LLP",www.bestlawfirms.com/firms/webster-chamberlain-bean-llp/64571/US
"Weil, Gotshal & Manges LLP",www.bestlawfirms.com/firms/weil-gotshal-manges-llp/12756/US
Wendy H. Schwartz & Associates PLLC,www.bestlawfirms.com/firms/wendy-h-schwartz-associates-pllc/53369/US
Werner Ahari Mangel LLP,www.bestlawfirms.com/firms/werner-ahari-mangel-llp/102182/US
White & Case LLP,www.bestlawfirms.com/firms/white-case-llp/9117/US
Whiteford Taylor Preston LLP,www.bestlawfirms.com/firms/whiteford-taylor-preston-llp/2700/US
Wiley Rein LLP,www.bestlawfirms.com/firms/wiley-rein-llp/22349/US
Wilkes Artis Chartered,www.bestlawfirms.com/firms/wilkes-artis-chartered/22410/US
Wilkinson Barker Knauer LLP,www.bestlawfirms.com/firms/wilkinson-barker-knauer-llp/44554/US
Wilkinson Stekloff LLP,www.bestlawfirms.com/firms/wilkinson-stekloff-llp/71707/US
Williams & Connolly LLP,www.bestlawfirms.com/firms/williams-connolly-llp/22370/US
Williams Legal Group,www.bestlawfirms.com/firms/williams-legal-group/74453/US
Williams Lopatto PLLC,www.bestlawfirms.com/firms/williams-lopatto-pllc/65316/US
Willkie Farr & Gallagher LLP,www.bestlawfirms.com/firms/willkie-farr-gallagher-llp/27690/US
Wilson Elser Moskowitz Edelman & Dicker LLP,www.bestlawfirms.com/firms/wilson-elser-moskowitz-edelman-dicker-llp/2697/US
Wilson Sonsini Goodrich & Rosati,www.bestlawfirms.com/firms/wilson-sonsini-goodrich-rosati/13129/US
Winton & Chapman PLLC,www.bestlawfirms.com/firms/winton-chapman-pllc/55032/US
"Wolf, Greenfield & Sacks PC",www.bestlawfirms.com/firms/wolf-greenfield-sacks-pc/17334/US
Womble Bond Dickinson (US) LLP,www.bestlawfirms.com/firms/womble-bond-dickinson-us-llp/18127/US
Zelle LLP,www.bestlawfirms.com/firms/zelle-llp/47971/US
Zobrist Law Group PLLC,www.bestlawfirms.com/firms/zobrist-law-group-pllc/102174/US
Zuckerman Spaeder LLP,www.bestlawfirms.com/firms/zuckerman-spaeder-llp/22412/US
ZwillGen PLLC,www.bestlawfirms.com/firms/zwillgen-pllc/52862/US
